id;model;name;connection
1;Tunnel Investment Account Assistant;Balanced;Grocery transmitter budgetary management
2;Argentina context-sensitive;Island Fantastic;concept parsing Metrics
3;programming;definition Unbranded Plastic Chair compress;circuit Oregon
4;programming;Timor-Leste Customer Money Market Account;scalable maroon
5;Kuwaiti Dinar;context-sensitive compress visualize;mindshare
6;Soap;Personal Loan Account program ROI;invoice
7;salmon;Avon;Incredible Rubber Shoes Generic
8;Virginia;Human frame;wireless Path deposit
9;California Wooden Course;4th generation invoice;Response Maine Shoals
10;neural;Fantastic Avon Cheese;gold alarm
